[
    {
        "categoria": "Categoria 1",
        "descricao": "Descrição.",
        "imagem": "img/cat1.jpg"
    },
    {
        "categoria": "Categoria 1",
        "descricao": "Descrição.",
        "imagem": "img/cat1.jpg"
    },
    {
        "categoria": "Categoria 1",
        "descricao": "Descrição.",
        "imagem": "img/cat1.jpg"
    },
    {
        "categoria": "Categoria 1",
        "descricao": "Descrição.",
        "imagem": "img/cat1.jpg"
    },
    {
        "categoria": "Categoria 1",
        "descricao": "Descrição.",
        "imagem": "img/cat1.jpg"
    },
    {
        "categoria": "Categoria 1",
        "descricao": "Descrição.",
        "imagem": "img/cat1.jpg"
    }
]
